2022-01-13 10:30:00+05:30,1,1
2022-01-13 10:40:00+05:30,1,2
2022-01-13 10:50:00+05:30,1,3
2022-01-13 11:00:00+05:30,1,4
2022-01-13 11:10:00+05:30,1,5
2022-01-13 11:20:00+05:30,1,6
2022-01-13 11:30:00+05:30,1,7
2022-01-13 11:40:00+05:30,1,8
2022-01-13 12:30:00+05:30,1,9
2022-01-13 16:30:00+05:30,1,10
2022-01-13 17:15:05+05:30,10,20
2022-01-13 17:45:05+05:30,3,23
2022-01-13 18:05:05+05:30,3,26
2022-01-13 18:25:05+05:30,3,29
2022-01-13 18:35:05+05:30,3,32
2022-01-13 18:45:05+05:30,3,35
2022-01-13 19:05:05+05:30,3,38
2022-01-13 19:15:05+05:30,3,41
2022-01-13 19:39:05+05:30,3,44
